ID_PVenta,FolioVenta,Total,IVA,IEPS,IDDeposito
89574,AZQ42-161888,15000.0,2.0,0.0,1417
278933,AZQ13-164231,15000.0,2.0,0.0,1416
279279,AZQ18-164239,15000.0,2.0,0.0,1415
396279,AZQ12-165734,15000.0,2.0,0.0,1338
18650,AWW33-101953,7761.6,0.0,0.0,1338
27146,AZG162324-155989,8556.66,0.0,0.0,1414
24509,AZO56-114470,7808.8,0.0,0.0,1414
32448,AZQ07-161168,6750.56,0.0,0.0,1413
49070,AZF39-153488,6750.56,0.0,0.0,1413
17408,AWW33-101939,6429.6,0.0,0.0,1413
349688,AZE19-145819,6000.0,827.4,0.0,1412
18428,AWW37-101947,5950.0,0.0,0.0,1412
18186,AZQ59-160980,5775.0,0.0,0.0,1412
18533,AWW59-101950,5652.0,0.0,0.0,1411
27147,AZG162324-155989,5400.0,0.0,0.0,1411
162565,AWX42-166856,5300.0,730.87,0.0,1411
38830,AZO41-114588,4705.75,0.0,0.0,1410
61841,AZU50-172092,4500.0,620.55,0.0,1410
329273,AWX52-169295,4500.0,620.55,0.0,1410
347994,AZQ02-165086,4500.0,620.55,0.0,1410
353220,AZK12-126273,4500.0,620.55,0.0,1409
884318,AWX49-177032,4290.0,591.63,0.0,1409
37045,AZG28-156091,4278.33,0.0,0.0,1409
36960,AZQ25-161206,3965.76,0.0,0.0,1409
38831,AZO41-114588,3956.75,0.0,0.0,1408
17651,AZQ17-160969,3612.0,0.0,0.0,1408
40072,AZG03-156135,3600.0,0.0,0.0,1408
23933,AZF27-153274,3437.95,0.0,0.0,1408
13706,AZJ44-154087,3375.28,0.0,0.0,1408
17407,AWW33-101939,3375.28,0.0,0.0,1407
18532,AWW59-101950,3375.28,0.0,0.0,1407
18534,AWW59-101950,3375.28,0.0,0.0,1407
18635,AZY04-217723,3375.28,0.0,0.0,1407
19237,AWX37-164838,3375.28,0.0,0.0,1407
21389,AWI26-156145,3375.28,0.0,0.0,1406
21505,AZW08-215032,3375.28,0.0,0.0,1406
23558,AZN32-137348,3375.28,0.0,0.0,1406
23992,AZH23-150636,3375.28,0.0,0.0,1406
26826,AZW45-215127,3375.28,0.0,0.0,1406
27545,AZA24-107473,3375.28,0.0,0.0,1404
27681,AZJ08-154340,3375.28,0.0,0.0,1404
28150,AZJ40-154353,3375.28,0.0,0.0,1404
28151,AZJ40-154353,3375.28,0.0,0.0,1404
28377,AZJ05-154360,3375.28,0.0,0.0,1404
29358,AZJ51-154376,3375.28,0.0,0.0,1403
30858,AZJ35-154399,3375.28,0.0,0.0,1403
32049,AZQ02-161163,3375.28,0.0,0.0,1403
33725,AZY16-217929,3375.28,0.0,0.0,1403
35998,AZJ59-154439,3375.28,0.0,0.0,1403
36142,AZE075104-142256,3375.28,0.0,0.0,1402
36289,AZB080024-134303,3375.28,0.0,0.0,1402
37803,AZJ58-154471,3375.28,0.0,0.0,1402
38775,AWI17-156388,3375.28,0.0,0.0,1402
39906,AZD19-160240,3375.28,0.0,0.0,1402
44193,AZN31-137530,3375.28,0.0,0.0,1401
44667,AWI03-156452,3375.28,0.0,0.0,1401
47675,AZJ14-154627,3375.28,0.0,0.0,1401
52181,AZW00-215429,3375.28,0.0,0.0,1401
187680,AZW48-217560,3375.28,0.0,0.0,1401
189832,AZQ51-163130,3375.28,0.0,0.0,1382
192770,AZJ39-156281,3375.28,0.0,0.0,1382
1038082,AZQ46-173553,3375.28,0.0,0.0,1382
1038248,AZQ50-173555,3375.28,0.0,0.0,1382
1038480,AZQ44-173559,3375.28,0.0,0.0,1382
1038514,AWI13-167436,3375.28,0.0,0.0,1382
1039621,AWI36-167467,3375.28,0.0,0.0,1382
1040702,AZQ26-173593,3375.28,0.0,0.0,1371
1045113,AZN06-147322,3375.28,0.0,0.0,1371
1038481,AZQ44-173559,3318.0,0.0,0.0,1371
185889,AZK01-124500,3300.0,455.07,0.0,1371
454204,AWI42-160970,3300.0,455.1,0.0,1371
1002253,AZQ14-173084,3300.0,455.1,0.0,1371
52658,AZQ56-161427,3227.07,0.0,0.0,1371
28800,AZT33-186864,3174.15,0.0,0.0,1370
8293,AZL22-204095,3154.2,0.0,0.0,1370
21543,AZO120759-114439,3145.8,0.0,0.0,1370
65324,AZY12-218333,3144.75,0.0,0.0,1370
1037068,AZQ45-173541,3135.63,0.0,0.0,1370
21544,AZO120759-114439,3124.8,0.0,0.0,1370
64228,AZK16-123312,3092.25,0.0,0.0,1370
38832,AZO41-114588,3084.08,0.0,0.0,1370
845922,AWX06-176471,3080.0,424.76,0.0,1369
45540,AWW23-102144,3060.0,0.0,0.0,1369
185136,AZT49-188891,3049.2,0.0,0.0,1369
182946,AWI32-157936,3029.06,0.0,0.0,1369
5393,AZK15-122617,3000.0,413.7,0.0,1369
57828,AWX59-165390,3000.0,413.7,0.0,1369
74538,AZK25-123409,3000.0,413.7,0.0,1369
135881,AZK27-123966,3000.0,413.7,0.0,1369
356467,AWX32-169697,3000.0,413.7,0.0,1368
524923,AZQ39-167369,2970.0,409.59,0.0,1368
1032793,AZH55-160719,2813.13,0.0,0.0,1368
46586,AZW12-215359,2637.97,0.0,0.0,1368
1032794,AZH55-160719,2619.85,0.0,0.0,1368
18043,AZQ39-160978,2614.5,0.0,0.0,1368
1034284,AZF36-164490,2590.8,0.0,0.0,1368
26396,AZC29-207189,2493.01,0.0,0.0,1368
38833,AZO41-114588,2486.72,0.0,0.0,1368
50669,AZL41-204735,2463.0,0.0,0.0,1367
1039619,AWI36-167467,2449.8,0.0,0.0,1367
1039620,AWI36-167467,2449.8,0.0,0.0,1367
84436,AZG41-156608,2448.25,0.0,0.0,1367
1977,AZQ57-160759,2432.08,0.0,0.0,1367
56859,AZN05-137633,2412.22,0.0,0.0,1367
89396,AZU49-172351,2400.0,330.96,0.0,1367
24924,AZQ14-161074,2392.25,0.0,0.0,1367
40071,AZG03-156135,2376.85,0.0,0.0,1367
12373,AZL50-204152,2340.92,0.0,0.0,1367
12374,AZL50-204152,2340.92,0.0,0.0,1367
12375,AZL50-204152,2340.92,0.0,0.0,1366
12376,AZL50-204152,2340.92,0.0,0.0,1366
22289,AZH13-150623,2340.92,0.0,0.0,1366
25268,AZG15-155966,2340.92,0.0,0.0,1366
31135,AZL21-204454,2340.92,0.0,0.0,1366
31136,AZL21-204454,2340.92,0.0,0.0,1366
31137,AZL21-204454,2340.92,0.0,0.0,1366
31138,AZL21-204454,2340.92,0.0,0.0,1366
42366,AZH26-150824,2340.92,0.0,0.0,1366
42367,AZH26-150824,2340.92,0.0,0.0,1366
47824,AZI13-159370,2340.92,0.0,0.0,1366
48894,AZP44-100366,2340.92,0.0,0.0,1365
50660,AZL41-204735,2340.92,0.0,0.0,1365
50661,AZL41-204735,2340.92,0.0,0.0,1365
50662,AZL41-204735,2340.92,0.0,0.0,1365
50663,AZL41-204735,2340.92,0.0,0.0,1365
182863,AZG141134-157757,2340.92,0.0,0.0,1365
189116,AZL46-206791,2340.92,0.0,0.0,1365
189117,AZL46-206791,2340.92,0.0,0.0,1365
189118,AZL46-206791,2340.92,0.0,0.0,1365
189119,AZL46-206791,2340.92,0.0,0.0,1365
44285,AZW15-215334,2269.49,0.0,0.0,1365
1345,AZA12-107154,2261.87,0.0,0.0,1364
45789,AZL59-204670,2248.75,0.0,0.0,1364
26566,AWI59-156201,2210.25,0.0,0.0,1364
177594,AWW19-103161,2210.0,0.0,0.0,1364
20817,AZX06-189373,2205.99,0.0,0.0,1364
845245,AZQ47-171437,2200.0,303.4,0.0,1364
17867,AZL10-204251,2199.0,0.0,0.0,1364
38834,AZO41-114588,2188.8,0.0,0.0,1364
18439,AWW04-101948,2167.5,0.0,0.0,1364
190797,AZC23-209623,2163.72,0.0,0.0,1364
10537,AZG15-155765,2162.88,0.0,0.0,1364
85250,AZL28-205142,2161.25,0.0,0.0,1364
97197,AZH39-151547,2153.37,0.0,0.0,1363
102834,AZF27-154052,2151.56,0.0,0.0,1363
94887,AZA08-107877,2150.24,0.0,0.0,1363
45541,AWW23-102144,2148.0,0.0,0.0,1363
43461,AZA06-107587,2134.12,0.0,0.0,1363
47010,AZO41-114655,2129.75,0.0,0.0,1363
64796,AZL55-204872,2118.9,0.0,0.0,1363
51060,AZT56-187138,2103.48,0.0,0.0,1363
21905,AZQ18-161023,2100.0,289.59,0.0,1363
169894,AWX01-166949,2100.0,289.59,0.0,1363
340926,AWI56-159688,2100.0,289.59,0.0,1363
352956,AZQ42-165170,2100.0,289.59,0.0,1363
395648,AZK47-126776,2100.0,289.59,0.0,1362
533515,AWI22-161915,2090.0,288.23,0.0,1362
1921,AZC50-206846,2084.55,0.0,0.0,1362
1043722,AZC42-222867,2083.92,0.0,0.0,1362
19410,AZJ58-154170,2081.53,0.0,0.0,1362
156489,AZQ44-162677,2075.18,0.0,0.0,1362
177359,AWI17-157868,2069.02,0.0,0.0,1362
37109,AZI20-159259,2057.6,0.0,0.0,1362
1726,AZN08-137137,2055.5,0.0,0.0,1362
4377,AZN58-137163,2043.0,0.0,0.0,1362
10162,AZN35-137225,2043.0,0.0,0.0,1362
26883,AWW160612-102020,2043.0,0.0,0.0,1362
38743,AWW26-102101,2043.0,0.0,0.0,1362
38744,AWW26-102101,2043.0,0.0,0.0,1361
38745,AWW26-102101,2043.0,0.0,0.0,1361
177782,AZW55-217414,2043.0,0.0,0.0,1361
186289,AWW06-103254,2043.0,0.0,0.0,1361
42546,AZA59-107574,2040.3,0.0,0.0,1361
11727,AZM22-135987,2029.12,0.0,0.0,1361
6675,AZE12-141936,2028.25,0.0,0.0,1361
44840,AZA07-107595,2026.5,0.0,0.0,1361
24925,AZQ14-161074,2021.25,0.0,0.0,1361
64137,AZK28-123310,2004.45,0.0,0.0,1361
103287,AZL17-205406,2001.0,0.0,0.0,1361
57831,AZJ32-154731,1997.6,0.0,0.0,1361
150568,AZW30-216959,1997.6,0.0,0.0,1361
37367,AZI02-159262,1986.64,0.0,0.0,1360
687828,AZQ19-169438,1980.0,273.06,0.0,1360
36001,AZJ59-154439,1964.24,0.0,0.0,1360
189833,AZQ51-163130,1961.4,0.0,0.0,1360
11561,AZY09-217617,1958.34,0.0,0.0,1360
466,AWW24-101807,1955.16,0.0,0.0,1360
3616,AZO31-114254,1952.2,0.0,0.0,1360
12770,AZI24-159001,1952.2,0.0,0.0,1360
13707,AZJ44-154087,1952.2,0.0,0.0,1360
17845,AZO10-114397,1952.2,0.0,0.0,1360
18531,AWW59-101950,1952.2,0.0,0.0,1360
21917,AWI57-156158,1952.2,0.0,0.0,1360
24033,AZI16-159117,1952.2,0.0,0.0,1360
24374,AZV36-119887,1952.2,0.0,0.0,1360
37090,AZJ02-154454,1952.2,0.0,0.0,1359
38779,AZP21-100291,1952.2,0.0,0.0,1359
38954,AZL50-204568,1952.2,0.0,0.0,1359
42107,AZP03-100315,1952.2,0.0,0.0,1359
43455,AZI49-159327,1952.2,0.0,0.0,1359
44130,AZG11-156196,1952.2,0.0,0.0,1359
44481,AWI13-156449,1952.2,0.0,0.0,1359
44668,AWI03-156452,1952.2,0.0,0.0,1359
44669,AWI03-156452,1952.2,0.0,0.0,1359
44670,AWI03-156452,1952.2,0.0,0.0,1359
46035,AWI30-156466,1952.2,0.0,0.0,1359
48186,AVA23-61991,1952.2,0.0,0.0,1359
51727,AZK14-123144,1952.2,0.0,0.0,1359
53136,AZL19-204762,1952.2,0.0,0.0,1359
60496,AZI31-159508,1952.2,0.0,0.0,1358
60497,AZI31-159508,1952.2,0.0,0.0,1358
153177,AWX48-166732,1952.2,0.0,0.0,1358
153719,AZJ12-155728,1952.2,0.0,0.0,1358
175796,AWI34-157849,1952.2,0.0,0.0,1358
176363,AWW32-103150,1952.2,0.0,0.0,1358
176900,AZS54-149525,1952.2,0.0,0.0,1358
176946,AWI38-157865,1952.2,0.0,0.0,1358
176947,AWI38-157865,1952.2,0.0,0.0,1358
183172,AZL42-206707,1952.2,0.0,0.0,1358
191699,AZJ19-156273,1952.2,0.0,0.0,1358
1038278,AWI53-167428,1952.2,0.0,0.0,1358
1039618,AWI36-167467,1952.2,0.0,0.0,1358
1040704,AZQ26-173593,1952.2,0.0,0.0,1358
1041620,AZG07-168577,1952.2,0.0,0.0,1357
1052961,AZI00-170664,1952.2,0.0,0.0,1357
5670,AZJ27-153975,1951.25,0.0,0.0,1357
45539,AWW23-102144,1950.0,0.0,0.0,1357
184673,AZU57-173745,1949.62,0.0,0.0,1357
19712,AVZ19-83608,1947.75,0.0,0.0,1357
1036705,AZQ56-173532,1939.52,0.0,0.0,1357
44597,AVC51-84682,1937.25,0.0,0.0,1357
39019,AZH29-150787,1914.5,0.0,0.0,1357
26794,AZU10-171638,1914.36,0.0,0.0,1357
61898,AVC34-84879,1913.89,0.0,0.0,1357
144455,AWW36-102912,1911.6,0.0,0.0,1357
176967,AZY57-220090,1911.6,0.0,0.0,1357
32048,AZQ02-161163,1909.95,0.0,0.0,1357
58811,AZH01-151000,1908.37,0.0,0.0,1357
44479,AZQ03-161317,1907.5,0.0,0.0,1356
150510,AWW27-102964,1902.0,0.0,0.0,1356
46227,AZC20-207492,1898.65,0.0,0.0,1356
72205,AZL08-204968,1895.25,0.0,0.0,1356
41290,AZK52-123027,1893.57,0.0,0.0,1356
40503,AZH38-150802,1893.54,0.0,0.0,1356
53576,AZK35-123167,1890.72,0.0,0.0,1356
63514,AZA00-107659,1890.0,0.0,0.0,1356
150509,AWW27-102964,1890.0,0.0,0.0,1356
181220,AZK40-124448,1888.95,0.0,0.0,1356
84437,AZG41-156608,1881.25,0.0,0.0,1356
1047665,AZM20-146406,1873.36,0.0,0.0,1356
80678,AWW35-102445,1871.34,0.0,0.0,1356
1031662,AZV13-129378,1867.32,0.0,0.0,1356
179711,AZW16-217450,1865.04,0.0,0.0,1356
75777,AZC15-208053,1863.36,0.0,0.0,1355
1039788,AWI21-167480,1860.3,0.0,0.0,1355
175215,AZG31-157638,1858.81,0.0,0.0,1355
33727,AZY16-217929,1853.28,0.0,0.0,1355
189834,AZQ51-163130,1851.15,0.0,0.0,1355
192771,AZJ39-156281,1850.39,0.0,0.0,1355
1031219,AVC11-94500,1849.12,0.0,0.0,1355
19745,AVC56-84420,1848.24,0.0,0.0,1355
178774,AZJ30-156078,1845.94,0.0,0.0,1355
179710,AZW16-217450,1844.52,0.0,0.0,1355
37118,AZP07-100282,1841.1,0.0,0.0,1355
182676,AZL50-206696,1834.3,0.0,0.0,1355
55391,AZQ09-161452,1831.9,0.0,0.0,1355
20823,AZH50-150600,1831.37,0.0,0.0,1355
46832,AZU23-171906,1830.94,0.0,0.0,1355
46831,AZU23-171906,1827.5,0.0,0.0,1355
51,AZA06-107113,1827.04,0.0,0.0,1354
141277,AWW33-102878,1826.89,0.0,0.0,1354
27218,AZO52-114493,1821.75,0.0,0.0,1354
46833,AZU23-171906,1818.9,0.0,0.0,1354
1031618,AVC45-94509,1814.83,0.0,0.0,1354
8093,AZU30-171317,1811.16,0.0,0.0,1354
185999,AWW08-103249,1810.5,0.0,0.0,1354
93516,AZU12-172386,1808.58,0.0,0.0,1354
32491,AZQ49-161169,1800.0,248.22,0.0,1354
37049,AZQ52-161209,1800.0,0.0,0.0,1354
100868,AWX33-165996,1800.0,248.22,0.0,1354
179996,AWX54-167095,1800.0,248.22,0.0,1354
199926,AZK55-124699,1800.0,248.22,0.0,1354
207946,AZQ08-163405,1800.0,248.22,0.0,1354
242752,AWX51-168051,1800.0,248.22,0.0,1354
280580,AZQ59-164260,1800.0,248.22,0.0,1354
198001,AZC42-209718,1798.95,0.0,0.0,1353
178766,AZL32-206614,1798.16,0.0,0.0,1353
41583,AZL16-204604,1795.68,0.0,0.0,1353
12544,AZC24-207001,1795.14,0.0,0.0,1353
13709,AZJ44-154087,1793.16,0.0,0.0,1353
152693,AZS44-149288,1790.25,0.0,0.0,1353
191698,AZJ19-156273,1788.16,0.0,0.0,1353
38922,AZQ37-161238,1785.0,0.0,0.0,1353
150569,AZW30-216959,1783.6,0.0,0.0,1353
33024,AZJ17-154422,1783.08,0.0,0.0,1353
28711,AZO59-114509,1782.96,0.0,0.0,1353
195744,AZQ47-163207,1781.81,0.0,0.0,1353
21504,AZW08-215032,1781.17,0.0,0.0,1353
28645,AZI18-159174,1778.0,0.0,0.0,1353
36288,AZC11-207342,1778.0,0.0,0.0,1353
1032002,AZJ11-166155,1777.87,0.0,0.0,1353
184563,AZW49-217512,1777.3,0.0,0.0,1353
1035855,AWW21120231690824573-109171,1776.09,0.0,0.0,1352
40771,AZL56-204591,1775.04,0.0,0.0,1352
43688,AZM01-136292,1774.37,0.0,0.0,1352
192354,AZB12-135767,1774.19,0.0,0.0,1352
41208,AZL23-204600,1774.08,0.0,0.0,1352
82804,AZD00-160611,1773.62,0.0,0.0,1352
52328,AZC05-207598,1773.55,0.0,0.0,1352
4769,AVZ23-83477,1772.75,0.0,0.0,1352
39303,AZH37-150789,1771.87,0.0,0.0,1352
41132,AZM18-136266,1767.5,0.0,0.0,1352
19711,AVZ19-83608,1765.75,0.0,0.0,1352
32047,AZQ02-161163,1762.95,0.0,0.0,1352
41577,AZH04-150819,1762.76,0.0,0.0,1352
186941,AZQ55-163097,1762.6,0.0,0.0,1352
83763,AVA47-62213,1762.25,0.0,0.0,1352
184561,AZW49-217512,1761.2,0.0,0.0,1352
152433,AZM01-137400,1760.5,0.0,0.0,1352
35146,AZB56-134297,1760.22,0.0,0.0,1351
22318,AZW06-215053,1758.31,0.0,0.0,1351
211180,AZL26-207111,1757.87,0.0,0.0,1351
214990,AWW42-103438,1757.68,0.0,0.0,1351
21823,AZL55-204314,1756.17,0.0,0.0,1351
41582,AZL16-204604,1756.08,0.0,0.0,1351
36313,AZH05-150757,1755.14,0.0,0.0,1351
1097,AZW56-214693,1754.72,0.0,0.0,1351
184562,AZW49-217512,1752.1,0.0,0.0,1351
23497,AZW54-215080,1750.7,0.0,0.0,1351
209113,AZW17-217847,1750.7,0.0,0.0,1351
187130,AZY57-220258,1750.69,0.0,0.0,1351
6559,AZW07-214773,1750.0,0.0,0.0,1351
23498,AZW54-215080,1750.0,0.0,0.0,1351
23499,AZW54-215080,1750.0,0.0,0.0,1351
53079,AZM24-136385,1749.12,0.0,0.0,1351
190503,AZW07-217600,1747.52,0.0,0.0,1351
50370,AZC12-207563,1745.61,0.0,0.0,1351
187222,AZC51-209578,1745.61,0.0,0.0,1339
27433,AZQ57-161104,1743.22,0.0,0.0,1339
19562,AWW28-101961,1738.63,0.0,0.0,1339
59567,AZC12-207723,1736.37,0.0,0.0,1339
54213,AWW23-102216,1733.55,0.0,0.0,1339
1039367,AZQ55-173578,1731.01,0.0,0.0,1339
39109,AZI39-159280,1730.46,0.0,0.0,1339
32574,AZW30-215190,1723.39,0.0,0.0,1339
7872,AWW31-101883,1722.5,0.0,0.0,1339
1034306,AZH17-160731,1721.26,0.0,0.0,1339
206338,AWW52-103376,1719.58,0.0,0.0,1339
86552,AZL27-205162,1719.37,0.0,0.0,1339
1043456,AVA52-67544,1719.3,0.0,0.0,1339
13237,AWX52-164751,1719.0,0.0,0.0,1339
201963,AWX29-167419,1718.31,0.0,0.0,1339
1044372,AZN13-147319,1713.23,0.0,0.0,1339
1031218,AVC11-94500,1711.9,0.0,0.0,1339
195254,AZL24-206881,1711.6,0.0,0.0,1339
203509,AZN16-138990,1711.32,0.0,0.0,1350
156490,AZQ44-162677,1710.45,0.0,0.0,1350
32145,AVC39-84552,1704.34,0.0,0.0,1350
191281,AVC31-86189,1703.75,0.0,0.0,1350
194219,AZB57-135785,1703.07,0.0,0.0,1350
18448,AWW00-101949,1700.0,0.0,0.0,1350
201077,AZB09-135843,1699.26,0.0,0.0,1350
211036,AZJ49-156512,1698.6,0.0,0.0,1350
203591,AZG36-158033,1697.99,0.0,0.0,1350
46594,AVC11-104609,1695.6,0.0,0.0,1350
143939,AZL32-206034,1695.1,0.0,0.0,1350
21061,AZK34-122779,1694.25,0.0,0.0,1350
46352,AZT24-187087,1691.0,0.0,0.0,1350
39500,AZA33-107552,1689.62,0.0,0.0,1350
205733,AZT23-189154,1689.1,0.0,0.0,1350
11311,AWI45-155990,1688.95,0.0,0.0,1350
202190,AZL29-206985,1688.1,0.0,0.0,1350
10536,AZG15-155765,1687.68,0.0,0.0,1350
197184,AZJ09-156343,1687.19,0.0,0.0,1349
188175,AZJ21-156239,1686.56,0.0,0.0,1349
37520,AZX58-189591,1685.52,0.0,0.0,1349
45921,AWW04-124944,1678.32,0.0,0.0,1349
50166,AWX43-165236,1678.3,0.0,0.0,1349
202189,AZL29-206985,1677.9,0.0,0.0,1349
15664,AZO33-114363,1677.67,0.0,0.0,1349
142092,AZL24-206009,1677.5,0.0,0.0,1349
1054797,AWX00-179256,1677.03,0.0,0.0,1349
36469,AZJ48-154448,1672.59,0.0,0.0,1349
185695,AWW17-103243,1669.41,0.0,0.0,1349
179712,AZW16-217450,1668.96,0.0,0.0,1349
179714,AZW16-217450,1665.6,0.0,0.0,1349
200061,AZQ00-163274,1664.97,0.0,0.0,1349
199211,AZL50-206935,1664.96,0.0,0.0,1349
44482,AWI13-156449,1663.2,0.0,0.0,1349
181910,AZL28-206680,1662.16,0.0,0.0,1349
40899,AWI01-156411,1660.32,0.0,0.0,1349
153176,AWX48-166732,1657.35,0.0,0.0,1349
176804,AZY52-220088,1653.54,0.0,0.0,1348
10836,AZG21-155772,1653.3,0.0,0.0,1348
415790,AZQ08-165931,1650.0,227.55,0.0,1348
448073,AZQ44-166330,1650.0,227.55,0.0,1348
466496,AZQ38-166558,1650.0,227.55,0.0,1348
999360,AZE27-152385,1650.0,227.55,0.0,1348
45468,AZL29-204667,1648.73,0.0,0.0,1348
159529,AZL12-206291,1648.35,0.0,0.0,1348
84519,AZL57-205134,1639.25,0.0,0.0,1348
38054,AZL56-204551,1634.25,0.0,0.0,1348
178768,AZN09-138734,1632.0,0.0,0.0,1348
198262,AWI23-158117,1631.85,0.0,0.0,1348
51059,AZT56-187138,1628.28,0.0,0.0,1348
13708,AZJ44-154087,1625.04,0.0,0.0,1348
22395,AZC47-207127,1624.0,0.0,0.0,1348
49630,AZM17-136342,1624.0,0.0,0.0,1348
145213,AZJ25-155603,1623.24,0.0,0.0,1348
45469,AZL29-204667,1619.5,0.0,0.0,1348
202430,AZL57-206989,1617.92,0.0,0.0,1348
190084,AZC30-209616,1617.28,0.0,0.0,1348
80913,AZA57-107808,1614.19,0.0,0.0,1346
21201,AVA56-61813,1610.4,0.0,0.0,1346
149669,AWX09-166673,1605.96,0.0,0.0,1346
19949,AZY07-217742,1605.6,0.0,0.0,1346
1046383,AZQ27-173660,1605.45,0.0,0.0,1346
146233,AZB52-135302,1602.7,0.0,0.0,1346
212386,AZM55-138010,1598.96,0.0,0.0,1346
6809,AZL00-204067,1597.38,0.0,0.0,1346
148530,AZL40-206107,1596.59,0.0,0.0,1346
176966,AZY57-220090,1595.52,0.0,0.0,1346
177401,AZF30-154871,1594.77,0.0,0.0,1346
183512,AWW32-103218,1593.88,0.0,0.0,1346
1032808,AZL44-219190,1592.25,0.0,0.0,1346
196288,AZJ40-156329,1590.05,0.0,0.0,1346
46279,AVC17-104605,1587.6,0.0,0.0,1346
31719,AZW43-215181,1585.5,0.0,0.0,1346
51270,AZP25-100375,1583.75,0.0,0.0,1346
1050556,AZG07-168678,1583.12,0.0,0.0,1346
181912,AZL28-206680,1581.58,0.0,0.0,1346
21822,AZL55-204314,1580.79,0.0,0.0,1346
196193,AZI27-161067,1580.25,0.0,0.0,1346
1040994,AZL12-219285,1575.26,0.0,0.0,1345
187847,AZQ56-163110,1575.0,0.0,0.0,1345
179461,AZW35-217447,1574.72,0.0,0.0,1345
89084,AZO23-115009,1573.2,0.0,0.0,1345
87019,AZE25-142806,1569.4,0.0,0.0,1345
149673,AWX09-166673,1564.56,0.0,0.0,1345
18138,AZL47-204253,1564.0,0.0,0.0,1345
35145,AZB56-134297,1562.4,0.0,0.0,1345
185212,AZW26-217527,1560.6,0.0,0.0,1345
1039097,AZH30-160760,1553.95,0.0,0.0,1345
29621,AZQ42-161130,1552.95,0.0,0.0,1345
190697,AVC47-86181,1552.95,0.0,0.0,1345
197003,AWI38-158103,1552.68,0.0,0.0,1345
46251,AZM07-136313,1550.5,0.0,0.0,1345
194148,AZA31-108961,1548.5,0.0,0.0,1345
203803,AWI44-158199,1546.6,0.0,0.0,1345
1038249,AZQ50-173555,1545.08,0.0,0.0,1345
166060,AZW07-217207,1543.22,0.0,0.0,1345
196807,AZW59-217706,1542.64,0.0,0.0,1345
160222,AZF33-154674,1542.46,0.0,0.0,1345
196120,AZQ19-163214,1542.04,0.0,0.0,1345
76530,AZE45-142684,1540.52,0.0,0.0,1345
87865,AZH35-151449,1540.2,0.0,0.0,1344
42177,AZW08-215308,1532.88,0.0,0.0,1344
102523,AZD32-160797,1532.65,0.0,0.0,1344
1045898,AZA23-116591,1532.6,0.0,0.0,1344
180794,AZQ52-163004,1530.64,0.0,0.0,1344
4479,AZA38-107188,1530.37,0.0,0.0,1344
21503,AZW08-215032,1530.0,0.0,0.0,1344
1039754,AWI25-167476,1524.94,0.0,0.0,1344
56244,AZF01-153554,1522.5,0.0,0.0,1344
37107,AZI20-159259,1521.52,0.0,0.0,1344
44325,AZL01-204644,1520.64,0.0,0.0,1344
1038515,AWI13-167436,1516.58,0.0,0.0,1344
46226,AZC20-207492,1516.32,0.0,0.0,1344
42176,AZW08-215308,1514.88,0.0,0.0,1344
47676,AZJ14-154627,1514.52,0.0,0.0,1344
76966,AZI12-159726,1512.4,0.0,0.0,1344
183157,AVA32-62804,1512.4,0.0,0.0,1344
43451,AZJ58-154567,1511.0,0.0,0.0,1344
1409,AZL37-203973,1509.0,0.0,0.0,1344
83893,AZP59-100677,1505.0,0.0,0.0,1344
187034,AZQ09-163099,1504.25,0.0,0.0,1344
203430,AZY37-220500,1502.45,0.0,0.0,1344
68038,AZO10-114831,1501.5,0.0,0.0,1344
170774,AZK12-124330,1500.75,0.0,0.0,1343
37050,AZQ52-161209,1500.0,0.0,0.0,1343
42809,AZK40-123046,1500.0,206.85,0.0,1343
52659,AZQ56-161427,1500.0,206.85,0.0,1343
61840,AZU50-172092,1500.0,206.85,0.0,1343
78798,AWI26-156762,1500.0,206.85,0.0,1343
87427,AWI35-156893,1500.0,206.85,0.0,1343
111995,AZQ31-162115,1500.0,206.85,0.0,1343
162325,AZQ47-162744,1500.0,206.85,0.0,1343
162326,AZQ47-162744,1500.0,206.85,0.0,1343
165492,AZQ55-162802,1500.0,206.85,0.0,1343
203455,AWI41-158192,1500.0,206.85,0.0,1343
209150,AWX35-167548,1500.0,206.85,0.0,1343
209730,AZQ31-163434,1500.0,206.85,0.0,1343
256712,AWX45-168247,1500.0,206.85,0.0,1343
277948,AWX46-168579,1500.0,206.85,0.0,1343
334157,AZQ29-164921,1500.0,206.85,0.0,1343
336482,AZQ50-164946,1500.0,206.85,0.0,1343
340512,AWX40-169466,1500.0,206.85,0.0,1343
389660,AVA02-64170,1500.0,206.85,0.0,1343
1038494,AZQ44-173559,1500.0,0.0,0.0,1343
74147,AZV06-120286,1498.0,0.0,0.0,1343
75776,AZC15-208053,1496.16,0.0,0.0,1343
1033064,AWW50-109134,1493.02,0.0,0.0,1342
10586,AZJ42-154057,1492.53,0.0,0.0,1342
1032211,AZS57-157641,1490.4,0.0,0.0,1342
83162,AZG39-156603,1489.25,0.0,0.0,1342
77090,AVA23-88328,1486.08,0.0,0.0,1342
32630,AVA07-61884,1484.8,0.0,0.0,1342
107010,AZO34-115117,1484.7,0.0,0.0,1342
188181,AZL51-206778,1484.07,0.0,0.0,1342
37108,AZI20-159259,1484.0,0.0,0.0,1342
45614,AZA45-107604,1484.0,0.0,0.0,1342
171366,AZL22-206488,1482.8,0.0,0.0,1342
37446,AZL37-204541,1480.5,0.0,0.0,1342
69786,AZL59-204940,1478.4,0.0,0.0,1342
1037526,AZQ49-173546,1477.35,0.0,0.0,1342
20040,AZC21-207103,1476.5,0.0,0.0,1342
34020,AZG42-156066,1475.0,0.0,0.0,1342
201076,AZB09-135843,1474.4,0.0,0.0,1342
97871,AZK08-123664,1471.75,0.0,0.0,1342
18313,AWW05-124700,1470.24,0.0,0.0,1342
43859,AWI31-156441,1469.16,0.0,0.0,1342
25357,AZL07-204372,1468.08,0.0,0.0,1342
43453,AZJ58-154567,1468.0,0.0,0.0,1342
32607,AZG12-156053,1467.36,0.0,0.0,1342
199805,AZH52-152399,1464.67,0.0,0.0,1342
216949,AZL12-207171,1463.55,0.0,0.0,1341
38894,AZO40-114589,1463.0,0.0,0.0,1341
44287,AZW15-215334,1462.5,0.0,0.0,1341
152891,AZS11-149290,1462.12,0.0,0.0,1341
208651,AZM39-137982,1460.87,0.0,0.0,1341
39359,AZK39-122999,1460.5,0.0,0.0,1341
18636,AZY04-217723,1459.8,0.0,0.0,1341
57293,AZL24-204811,1458.62,0.0,0.0,1341
202428,AZL57-206989,1456.12,0.0,0.0,1341
11763,AVZ11-83541,1454.64,0.0,0.0,1341
10535,AZG15-155765,1454.4,0.0,0.0,1341
41584,AZL16-204604,1454.4,0.0,0.0,1341
12846,AZT37-186643,1453.37,0.0,0.0,1341
194405,AWI58-158070,1453.12,0.0,0.0,1341
175217,AZG31-157638,1452.48,0.0,0.0,1341
1038887,AZJ11-166243,1451.8,0.0,0.0,1341
47962,AZO28-114668,1450.75,0.0,0.0,1341
1038479,AZQ44-173559,1449.96,0.0,0.0,1341
29071,AVC36-104371,1449.0,0.0,0.0,1341
1032841,AVC08-94520,1448.94,0.0,0.0,1341
215084,AZI10-161256,1448.67,0.0,0.0,1341
185764,AZT29-188900,1445.9,0.0,0.0,1341
45246,AZG04-156210,1445.76,0.0,0.0,1341
36673,AZA44-107519,1445.5,0.0,0.0,1341
81503,AZI25-159763,1443.75,0.0,0.0,1341
27223,AZW57-215128,1441.8,0.0,0.0,1340
1040411,AZZ52-116826,1441.6,0.0,0.0,1340
183351,AZA39-108891,1441.12,0.0,0.0,1340
61897,AVC34-84879,1437.12,0.0,0.0,1340
21500,AZW08-215032,1431.36,0.0,0.0,1340
207000,AZO22-116067,1430.0,0.0,0.0,1340
42364,AZC53-207427,1429.2,0.0,0.0,1340
44324,AZL01-204644,1429.2,0.0,0.0,1340
194408,AWI58-158070,1429.18,0.0,0.0,1340
1122,AZC21-206831,1427.04,0.0,0.0,1340
35694,AZC02-207336,1427.04,0.0,0.0,1340
27574,AZL16-204402,1426.25,0.0,0.0,1340
10838,AZG21-155772,1426.11,0.0,0.0,1340
37047,AZG28-156091,1426.11,0.0,0.0,1340
38852,AZC35-207374,1426.11,0.0,0.0,1340
117212,AZC11-208726,1425.78,0.0,0.0,1340
148545,AZC25-209149,1425.78,0.0,0.0,1340
39224,AZM31-136248,1425.0,0.0,0.0,1340
182567,AZA21-108879,1425.0,0.0,0.0,1340
21502,AZW08-215032,1422.72,0.0,0.0,1340
27405,AZW23-215130,1422.72,0.0,0.0,1340
56984,AZF21-153562,1414.0,0.0,0.0,1340
159079,AZL51-206280,1411.3,0.0,0.0,1340
10949,AZG47-155773,1411.2,0.0,0.0,1340
1044762,AZM48-146369,1410.56,0.0,0.0,1340
187132,AZY57-220258,1409.42,0.0,0.0,1340
